{
  "group": "code",
  "type": "minecraft:crafting_shapeless",
  "ingredients": [
    {
      "item": "minecraft:beacon"
    },
    {
      "item": "minecraft:beacon"
    },
    {
      "item": "minecraft:beacon"
    },
    {
      "item": "minecraft:beacon"
    },
    {
      "item": "minecraft:beacon"
    },
    {
      "item": "minecraft:beacon"
    },
    {
      "item": "minecraft:beacon"
    },
    {
      "item": "minecraft:beacon"
    },
    {
      "item": "minecraft:beacon"
    }
  ],
  "result": {
    "item": "minecraft:bedrock",
    "count": 5
  }
}